origin,date,horizon,actual,seasonal_naive,weekday_mean,ridge,hist_gradient_boosting,prediction,absolute_error
2024-01-07,2024-01-08,1,17428.0000000000,8212.0000000000,15995.0000000000,15980.6657561702,15406.3448725885,15980.6657561702,1447.3342438298
2024-01-07,2024-01-09,2,20665.0000000000,9769.0000000000,12767.2500000000,15067.4865244282,17855.5806384856,15067.4865244282,5597.5134755718
2024-01-07,2024-01-10,3,20887.0000000000,15255.0000000000,15614.2500000000,17261.8096504046,17012.5173243834,17261.8096504046,3625.1903495954
2024-01-07,2024-01-11,4,21096.0000000000,12987.0000000000,14556.5000000000,16240.1535144285,14747.9735676572,16240.1535144285,4855.8464855715
2024-01-07,2024-01-12,5,18811.0000000000,15430.0000000000,15057.0000000000,15150.1995579829,15601.9312707063,15150.1995579829,3660.8004420171
2024-01-07,2024-01-13,6,14698.0000000000,13370.0000000000,11983.0000000000,12256.3247785156,14026.3862920968,12256.3247785156,2441.6752214844
2024-01-07,2024-01-14,7,12909.0000000000,11508.0000000000,10101.7500000000,10960.2837191433,13064.2442431329,10960.2837191433,1948.7162808567
2024-01-14,2024-01-15,1,20275.0000000000,17428.0000000000,14513.5000000000,16251.2547227328,15028.2419951508,16251.2547227328,4023.7452772672
2024-01-14,2024-01-16,2,22379.0000000000,20665.0000000000,12545.0000000000,16306.3643014315,19084.1653419681,16306.3643014315,6072.6356985685
2024-01-14,2024-01-17,3,22084.0000000000,20887.0000000000,15408.0000000000,18763.9079674021,19489.9088871326,18763.9079674021,3320.0920325979
2024-01-14,2024-01-18,4,21403.0000000000,21096.0000000000,14538.5000000000,17805.9584702100,18931.5156887775,17805.9584702100,3597.0415297900
2024-01-14,2024-01-19,5,18804.0000000000,18811.0000000000,14553.2500000000,16447.8211860702,15285.8521895372,16447.8211860702,2356.1788139298
2024-01-14,2024-01-20,6,14573.0000000000,14698.0000000000,11635.7500000000,13809.0224304264,14154.7086434109,13809.0224304264,763.9775695736
2024-01-14,2024-01-21,7,11607.0000000000,12909.0000000000,9939.0000000000,12685.9353894020,13347.8979451622,12685.9353894020,1078.9353894020
2024-01-21,2024-01-22,1,21077.0000000000,20275.0000000000,14820.0000000000,16381.4910979153,18227.0401713884,16381.4910979153,4695.5089020847
2024-01-21,2024-01-23,2,20436.0000000000,22379.0000000000,15006.7500000000,18057.2730418149,19520.4046422033,18057.2730418149,2378.7269581851
2024-01-21,2024-01-24,3,24682.0000000000,22084.0000000000,16236.7500000000,19358.5318991670,20276.1014896076,19358.5318991670,5323.4681008330
2024-01-21,2024-01-25,4,24677.0000000000,21403.0000000000,15860.5000000000,18791.9923931435,19136.9090528934,18791.9923931435,5885.0076068565
2024-01-21,2024-01-26,5,21669.0000000000,18804.0000000000,16012.7500000000,17387.4067498219,16097.5269447546,17387.4067498219,4281.5932501781
2024-01-21,2024-01-27,6,16959.0000000000,14573.0000000000,12860.5000000000,14535.9275844366,13705.6003930654,14535.9275844366,2423.0724155634
2024-01-21,2024-01-28,7,15540.0000000000,11607.0000000000,11105.2500000000,13274.0511890678,13073.0227843791,13274.0511890678,2265.9488109322
2024-01-28,2024-01-29,1,22839.0000000000,21077.0000000000,16748.0000000000,18504.2831749689,21429.7266502351,18504.2831749689,4334.7168250311
2024-01-28,2024-01-30,2,22303.0000000000,20436.0000000000,18312.2500000000,20591.3808199703,22730.3894368459,20591.3808199703,1711.6191800297
2024-01-28,2024-01-31,3,24505.0000000000,24682.0000000000,20727.0000000000,22176.9633566930,22435.6764130579,22176.9633566930,2328.0366433070
2024-01-28,2024-02-01,4,24839.0000000000,24677.0000000000,20040.7500000000,21455.7219374829,22517.6300284161,21455.7219374829,3383.2780625171
2024-01-28,2024-02-02,5,21427.0000000000,21669.0000000000,18678.5000000000,19262.8618135945,21442.9873773034,19262.8618135945,2164.1381864055
2024-01-28,2024-02-03,6,17434.0000000000,16959.0000000000,14900.0000000000,16037.5098847782,14003.3521947655,16037.5098847782,1396.4901152218
2024-01-28,2024-02-04,7,14998.0000000000,15540.0000000000,12891.0000000000,14823.7360528267,13154.8411209371,14823.7360528267,174.2639471733
2024-02-04,2024-02-05,1,22260.0000000000,22839.0000000000,20404.7500000000,19543.8159474140,20959.6019153485,19543.8159474140,2716.1840525860
2024-02-04,2024-02-06,2,23315.0000000000,22303.0000000000,21445.7500000000,21097.9010781172,21425.4474146876,21097.9010781172,2217.0989218828
2024-02-04,2024-02-07,3,23542.0000000000,24505.0000000000,23039.5000000000,22823.5684941656,21854.7666537501,22823.5684941656,718.4315058344
2024-02-04,2024-02-08,4,12260.0000000000,24839.0000000000,23003.7500000000,22557.7868441492,21904.1765624667,22557.7868441492,10297.7868441492
2024-02-04,2024-02-09,5,17511.0000000000,21427.0000000000,20177.7500000000,19925.9725498732,20948.1618601994,19925.9725498732,2414.9725498732
2024-02-04,2024-02-10,6,15964.0000000000,17434.0000000000,15916.0000000000,16588.2147771993,15238.0755386687,16588.2147771993,624.2147771993
2024-02-04,2024-02-11,7,15157.0000000000,14998.0000000000,13763.5000000000,15326.5158665125,12893.8700967840,15326.5158665125,169.5158665125
2024-02-11,2024-02-12,1,22298.0000000000,22260.0000000000,21612.7500000000,19495.8256072706,20730.8202615832,19495.8256072706,2802.1743927294
2024-02-11,2024-02-13,2,20228.0000000000,23315.0000000000,22108.2500000000,20928.5466622053,21756.4055757734,20928.5466622053,700.5466622053
2024-02-11,2024-02-14,3,21864.0000000000,23542.0000000000,23703.2500000000,22565.5783732169,21822.9968174632,22565.5783732169,701.5783732169
2024-02-11,2024-02-15,4,24887.0000000000,12260.0000000000,20794.7500000000,22009.6074831503,21478.9526266050,22009.6074831503,2877.3925168497
2024-02-11,2024-02-16,5,21651.0000000000,17511.0000000000,19852.7500000000,19439.7540044626,19838.4467688654,19439.7540044626,2211.2459955374
2024-02-11,2024-02-17,6,16787.0000000000,15964.0000000000,16232.5000000000,16249.0066664292,15900.8156536973,16249.0066664292,537.9933335708
2024-02-11,2024-02-18,7,14945.0000000000,15157.0000000000,14325.5000000000,15117.4330442044,13780.8900907601,15117.4330442044,172.4330442044
2024-02-18,2024-02-19,1,22584.0000000000,22298.0000000000,22118.5000000000,20298.3390287044,21224.3285937251,20298.3390287044,2285.6609712956
2024-02-18,2024-02-20,2,25160.0000000000,20228.0000000000,21570.5000000000,21385.7118704943,22127.5861689291,21385.7118704943,3774.2881295057
2024-02-18,2024-02-21,3,16906.0000000000,21864.0000000000,23648.2500000000,23218.1177041177,22265.8142301663,23218.1177041177,6312.1177041177
2024-02-18,2024-02-22,4,16240.0000000000,24887.0000000000,21665.7500000000,22691.3965707826,22953.9391700144,22691.3965707826,6451.3965707826
2024-02-18,2024-02-23,5,18487.0000000000,21651.0000000000,20564.5000000000,20300.4465302577,21701.5168314282,20300.4465302577,1813.4465302577
2024-02-18,2024-02-24,6,17561.0000000000,16787.0000000000,16786.0000000000,17016.5485531656,17066.0985618612,17016.5485531656,544.4514468344
2024-02-18,2024-02-25,7,12595.0000000000,14945.0000000000,15160.0000000000,15909.5928085960,14769.9405489883,15909.5928085960,3314.5928085960
2024-02-25,2024-02-26,1,20621.0000000000,22584.0000000000,22495.2500000000,20067.8888929776,19506.1559096217,20067.8888929776,553.1111070224
2024-02-25,2024-02-27,2,24669.0000000000,25160.0000000000,22751.5000000000,21663.1368025049,20710.5048813372,21663.1368025049,3005.8631974951
2024-02-25,2024-02-28,3,24061.0000000000,16906.0000000000,21704.2500000000,22357.8497182917,19812.8454625174,22357.8497182917,1703.1502817083
2024-02-25,2024-02-29,4,17788.0000000000,16240.0000000000,19556.5000000000,21466.4966386935,22107.1297469701,21466.4966386935,3678.4966386935
2024-02-25,2024-03-01,5,15299.0000000000,18487.0000000000,19769.0000000000,19264.5579219416,18996.2955875922,19264.5579219416,3965.5579219416
2024-02-25,2024-03-02,6,13137.0000000000,17561.0000000000,16936.5000000000,16401.2498242731,16202.8839486191,16401.2498242731,3264.2498242731
2024-02-25,2024-03-03,7,16221.0000000000,12595.0000000000,14423.7500000000,15069.4265334498,13864.6078546200,15069.4265334498,1151.5734665502
2024-03-03,2024-03-04,1,22740.0000000000,20621.0000000000,21940.7500000000,20641.4154397319,20548.5979793468,20641.4154397319,2098.5845602681
2024-03-03,2024-03-05,2,24567.0000000000,24669.0000000000,23343.0000000000,22765.4150745376,21566.4300580452,22765.4150745376,1801.5849254624
2024-03-03,2024-03-06,3,25869.0000000000,24061.0000000000,21593.2500000000,22677.2798287365,21875.2286493261,22677.2798287365,3191.7201712635
2024-03-03,2024-03-07,4,25347.0000000000,17788.0000000000,17793.7500000000,20836.6120715866,19504.0786535252,20836.6120715866,4510.3879284134
2024-03-03,2024-03-08,5,22662.0000000000,15299.0000000000,18237.0000000000,19669.6252121101,19819.8778386569,19669.6252121101,2992.3747878899
2024-03-03,2024-03-09,6,21041.0000000000,13137.0000000000,15862.2500000000,17264.0521421556,15055.5537737363,17264.0521421556,3776.9478578444
2024-03-03,2024-03-10,7,7479.0000000000,16221.0000000000,14729.5000000000,16243.0802690576,13912.4580573634,16243.0802690576,8764.0802690576
2024-03-10,2024-03-11,1,22058.0000000000,22740.0000000000,22060.7500000000,20593.4684081505,20040.2285161927,20593.4684081505,1464.5315918495
2024-03-10,2024-03-12,2,16085.0000000000,24567.0000000000,23656.0000000000,22922.9452737850,20475.0730875375,22922.9452737850,6837.9452737850
2024-03-10,2024-03-13,3,26083.0000000000,25869.0000000000,22175.0000000000,23028.8039654213,20998.6741557875,23028.8039654213,3054.1960345787
2024-03-10,2024-03-14,4,25698.0000000000,25347.0000000000,21065.5000000000,22314.8527865010,20929.3481952241,22314.8527865010,3383.1472134990
2024-03-10,2024-03-15,5,22516.0000000000,22662.0000000000,19524.7500000000,20234.9670004034,20024.2174729206,20234.9670004034,2281.0329995966
2024-03-10,2024-03-16,6,23067.0000000000,21041.0000000000,17131.5000000000,17925.8515800917,18735.5392606351,17925.8515800917,5141.1484199083
2024-03-10,2024-03-17,7,16637.0000000000,7479.0000000000,12810.0000000000,15896.0901447076,14581.4037176097,15896.0901447076,740.9098552924
2024-03-17,2024-03-18,1,25575.0000000000,22058.0000000000,22000.7500000000,22438.4239541414,20959.1276525928,22438.4239541414,3136.5760458586
2024-03-17,2024-03-19,2,27103.0000000000,16085.0000000000,22620.2500000000,24935.1734142773,21781.4568806073,24935.1734142773,2167.8265857227
2024-03-17,2024-03-20,3,28381.0000000000,26083.0000000000,23229.7500000000,25594.4315867058,22491.9199337496,25594.4315867058,2786.5684132942
2024-03-17,2024-03-21,4,28215.0000000000,25698.0000000000,21268.2500000000,24326.4310902018,22625.7155537369,24326.4310902018,3888.5689097982
2024-03-17,2024-03-22,5,22273.0000000000,22516.0000000000,19741.0000000000,22270.0356096501,21036.1874929022,22270.0356096501,2.9643903499
2024-03-17,2024-03-23,6,19159.0000000000,23067.0000000000,18701.5000000000,20864.8453515662,19019.7638886523,20864.8453515662,1705.8453515662
2024-03-17,2024-03-24,7,18219.0000000000,16637.0000000000,13233.0000000000,17714.9007059584,13804.5757723307,17714.9007059584,504.0992940416
2024-03-24,2024-03-25,1,23399.0000000000,25575.0000000000,22748.5000000000,24055.7525552111,20493.8347573611,24055.7525552111,656.7525552111
2024-03-24,2024-03-26,2,19287.0000000000,27103.0000000000,23106.0000000000,25957.0770915488,21389.1462796076,25957.0770915488,6670.0770915488
2024-03-24,2024-03-27,3,23166.0000000000,28381.0000000000,26098.5000000000,27763.6962255543,22730.4571230694,27763.6962255543,4597.6962255543
2024-03-24,2024-03-28,4,16576.0000000000,28215.0000000000,24262.0000000000,26993.3181471766,21186.6080831374,26993.3181471766,10417.3181471766
2024-03-24,2024-03-29,5,15713.0000000000,22273.0000000000,20687.5000000000,23937.9169542941,21206.8879096334,23937.9169542941,8224.9169542941
2024-03-24,2024-03-30,6,19917.0000000000,19159.0000000000,19101.0000000000,22329.6546963672,17548.0749480462,22329.6546963672,2412.6546963672
2024-03-24,2024-03-31,7,13883.0000000000,18219.0000000000,14639.0000000000,19694.3468068540,14155.1232244749,19694.3468068540,5811.3468068540
2024-03-31,2024-04-01,1,17320.0000000000,23399.0000000000,23443.0000000000,21799.4463857227,19573.4228150007,21799.4463857227,4479.4463857227
2024-03-31,2024-04-02,2,18489.0000000000,19287.0000000000,21760.5000000000,22866.1676793887,19529.9252467916,22866.1676793887,4377.1676793887
2024-03-31,2024-04-03,3,22786.0000000000,23166.0000000000,25874.7500000000,25273.7518075166,22512.0379203489,25273.7518075166,2487.7518075166
2024-03-31,2024-04-04,4,22111.0000000000,16576.0000000000,23959.0000000000,24761.3541146034,21251.7506986580,24761.3541146034,2650.3541146034
2024-03-31,2024-04-05,5,20842.0000000000,15713.0000000000,20791.0000000000,21576.7060590344,20481.4323409027,21576.7060590344,734.7060590344
2024-03-31,2024-04-06,6,23408.0000000000,19917.0000000000,20796.0000000000,20123.7965227736,19863.4318127116,20123.7965227736,3284.2034772264
2024-03-31,2024-04-07,7,19581.0000000000,13883.0000000000,14054.5000000000,16850.5241785372,15562.2975082565,16850.5241785372,2730.4758214628
2024-04-07,2024-04-08,1,21438.0000000000,17320.0000000000,22088.0000000000,23650.8707535700,21329.7078912195,23650.8707535700,2212.8707535700
2024-04-07,2024-04-09,2,22347.0000000000,18489.0000000000,20241.0000000000,23950.5922495067,20124.4638434295,23950.5922495067,1603.5922495067
2024-04-07,2024-04-10,3,24265.0000000000,22786.0000000000,25104.0000000000,26933.5662603253,22876.8346299061,26933.5662603253,2668.5662603253
2024-04-07,2024-04-11,4,27813.0000000000,22111.0000000000,23150.0000000000,26045.4518611226,23037.1977771627,26045.4518611226,1767.5481388774
2024-04-07,2024-04-12,5,26661.0000000000,20842.0000000000,20336.0000000000,23047.7795671457,22214.9584170588,23047.7795671457,3613.2204328543
2024-04-07,2024-04-13,6,27993.0000000000,23408.0000000000,21387.7500000000,22422.6555300462,21869.5015634243,22422.6555300462,5570.3444699538
2024-04-07,2024-04-14,7,21193.0000000000,19581.0000000000,17080.0000000000,19934.0573333702,18693.6850895196,19934.0573333702,1258.9426666298
2024-04-14,2024-04-15,1,20604.0000000000,21438.0000000000,21933.0000000000,25037.6742017615,22468.6205412329,25037.6742017615,4433.6742017615
2024-04-14,2024-04-16,2,25005.0000000000,22347.0000000000,21806.5000000000,26184.5097920040,23773.8843685649,26184.5097920040,1179.5097920040
2024-04-14,2024-04-17,3,26063.0000000000,24265.0000000000,24649.5000000000,28226.7555595863,23837.6959733152,28226.7555595863,2163.7555595863
2024-04-14,2024-04-18,4,27085.0000000000,27813.0000000000,23678.7500000000,27856.1913930918,25016.7240613394,27856.1913930918,771.1913930918
2024-04-14,2024-04-19,5,20665.0000000000,26661.0000000000,21372.2500000000,25338.3970714198,23290.8186849115,25338.3970714198,4673.3970714198
2024-04-14,2024-04-20,6,21582.0000000000,27993.0000000000,22619.2500000000,24985.4626942291,23491.0355953189,24985.4626942291,3403.4626942291
2024-04-14,2024-04-21,7,18359.0000000000,21193.0000000000,18219.0000000000,22314.6351918798,21062.6780942377,22314.6351918798,3955.6351918798
2024-04-21,2024-04-22,1,23807.0000000000,20604.0000000000,20690.2500000000,23135.9707019325,21419.9332683060,23135.9707019325,671.0292980675
2024-04-21,2024-04-23,2,24262.0000000000,25005.0000000000,21282.0000000000,24577.3492006704,22528.6589198079,24577.3492006704,315.3492006704
2024-04-21,2024-04-24,3,26428.0000000000,26063.0000000000,24070.0000000000,26580.9904268538,23041.9571685041,26580.9904268538,152.9904268538
2024-04-21,2024-04-25,4,23416.0000000000,27085.0000000000,23396.2500000000,26653.0539459356,24300.2797598815,26653.0539459356,3237.0539459356
2024-04-21,2024-04-26,5,25391.0000000000,20665.0000000000,20970.2500000000,24326.8237622488,22497.1660115283,24326.8237622488,1064.1762377512
2024-04-21,2024-04-27,6,15570.0000000000,21582.0000000000,23225.0000000000,24479.7279463694,22071.5644005541,24479.7279463694,8909.7279463694
2024-04-21,2024-04-28,7,13022.0000000000,18359.0000000000,18254.0000000000,21434.9026443166,19306.9927706427,21434.9026443166,8412.9026443166
2024-04-28,2024-04-29,1,26963.0000000000,23807.0000000000,20792.2500000000,22192.1930951577,20821.5729552047,22192.1930951577,4770.8069048423
2024-04-28,2024-04-30,2,30777.0000000000,24262.0000000000,22525.7500000000,24422.1065999114,22704.0073301221,24422.1065999114,6354.8934000886
2024-04-28,2024-05-01,3,29968.0000000000,26428.0000000000,24885.5000000000,25878.9246563977,25146.5426517933,25878.9246563977,4089.0753436023
2024-04-28,2024-05-02,4,27686.0000000000,23416.0000000000,25106.2500000000,26092.4045273801,25718.6781582875,26092.4045273801,1593.5954726199
2024-04-28,2024-05-03,5,15983.0000000000,25391.0000000000,23389.7500000000,24059.8303123612,22479.7431346733,24059.8303123612,8076.8303123612
2024-04-28,2024-05-04,6,24179.0000000000,15570.0000000000,22138.2500000000,23191.2386687183,24490.1361371029,23191.2386687183,987.7613312817
2024-04-28,2024-05-05,7,23303.0000000000,13022.0000000000,18038.7500000000,20372.4905735322,19987.3822125778,20372.4905735322,2930.5094264678
2024-05-05,2024-05-06,1,10684.0000000000,26963.0000000000,23203.0000000000,26423.3261785651,23284.0870179833,26423.3261785651,15739.3261785651
2024-05-05,2024-05-07,2,28825.0000000000,30777.0000000000,25597.7500000000,29019.1308334652,26754.2125426529,29019.1308334652,194.1308334652
2024-05-05,2024-05-08,3,31973.0000000000,29968.0000000000,26681.0000000000,30133.6815429837,27871.3341114653,30133.6815429837,1839.3184570163
2024-05-05,2024-05-09,4,34978.0000000000,27686.0000000000,26500.0000000000,29786.0289470723,27448.3492548133,29786.0289470723,5191.9710529277
2024-05-05,2024-05-10,5,32947.0000000000,15983.0000000000,22175.0000000000,27264.8258356842,25365.5544848715,27264.8258356842,5682.1741643158
2024-05-05,2024-05-11,6,31353.0000000000,24179.0000000000,22331.0000000000,26145.2389383521,23767.1646769476,26145.2389383521,5207.7610616479
2024-05-05,2024-05-12,7,28808.0000000000,23303.0000000000,18969.2500000000,23865.2279783334,21574.5936335832,23865.2279783334,4942.7720216666
2024-05-12,2024-05-13,1,28958.0000000000,10684.0000000000,20514.5000000000,28552.7972513379,26436.7409442843,28552.7972513379,405.2027486621
2024-05-12,2024-05-14,2,25584.0000000000,28825.0000000000,27217.2500000000,32143.9630826582,30115.6054416222,32143.9630826582,6559.9630826582
2024-05-12,2024-05-15,3,32757.0000000000,31973.0000000000,28608.0000000000,33481.3998291541,29402.6589059429,33481.3998291541,724.3998291541
2024-05-12,2024-05-16,4,26093.0000000000,34978.0000000000,28291.2500000000,33309.1950315669,30115.8302530217,33309.1950315669,7216.1950315669
2024-05-12,2024-05-17,5,29357.0000000000,32947.0000000000,23746.5000000000,30179.1004609983,26459.1969675893,30179.1004609983,822.1004609983
2024-05-12,2024-05-18,6,27078.0000000000,31353.0000000000,23171.0000000000,28798.3240027040,25958.6762964928,28798.3240027040,1720.3240027040
2024-05-12,2024-05-19,7,29443.0000000000,28808.0000000000,20873.0000000000,27416.2314105165,26103.8355412527,27416.2314105165,2026.7685894835
2024-05-19,2024-05-20,1,32109.0000000000,28958.0000000000,22603.0000000000,27846.9593722945,26730.2157819059,27846.9593722945,4262.0406277055
2024-05-19,2024-05-21,2,18813.0000000000,25584.0000000000,27362.0000000000,30879.2775604126,29088.8400433708,30879.2775604126,12066.2775604126
2024-05-19,2024-05-22,3,16947.0000000000,32757.0000000000,30281.5000000000,32977.0734112974,28882.3496496324,32977.0734112974,16030.0734112974
2024-05-19,2024-05-23,4,30434.0000000000,26093.0000000000,28043.2500000000,32076.6746358835,30141.6454950139,32076.6746358835,1642.6746358835
2024-05-19,2024-05-24,5,27523.0000000000,29357.0000000000,25919.5000000000,30157.6248997578,27734.4593995364,30157.6248997578,2634.6248997578
2024-05-19,2024-05-25,6,27107.0000000000,27078.0000000000,24545.0000000000,28336.3243431651,25188.4119384692,28336.3243431651,1229.3243431651
2024-05-19,2024-05-26,7,25074.0000000000,29443.0000000000,23644.0000000000,27727.7023203712,25276.2971975391,27727.7023203712,2653.7023203712
2024-05-26,2024-05-27,1,21412.0000000000,32109.0000000000,24678.5000000000,27984.4194696837,24002.2523649832,27984.4194696837,6572.4194696837
2024-05-26,2024-05-28,2,22870.0000000000,18813.0000000000,25999.7500000000,29562.1089771945,27842.3571201888,29562.1089771945,6692.1089771945
2024-05-26,2024-05-29,3,30748.0000000000,16947.0000000000,27911.2500000000,31898.9687329953,30984.7753502876,31898.9687329953,1150.9687329953
2024-05-26,2024-05-30,4,27013.0000000000,30434.0000000000,29797.7500000000,31459.6572787605,29074.8161789547,31459.6572787605,4446.6572787605
2024-05-26,2024-05-31,5,22963.0000000000,27523.0000000000,26452.5000000000,29282.9924614414,27251.7250465071,29282.9924614414,6319.9924614414
2024-05-26,2024-06-01,6,23264.0000000000,27107.0000000000,27429.2500000000,27863.2325656742,26306.4934980144,27863.2325656742,4599.2325656742
2024-05-26,2024-06-02,7,27710.0000000000,25074.0000000000,26657.0000000000,27309.8855458808,24431.1788691409,27309.8855458808,400.1144541192
2024-06-02,2024-06-03,1,27676.0000000000,21412.0000000000,23290.7500000000,27411.0322863104,23928.6148747304,27411.0322863104,264.9677136896
2024-06-02,2024-06-04,2,28880.0000000000,22870.0000000000,24023.0000000000,27834.1047881482,25665.1504884186,27834.1047881482,1045.8952118518
2024-06-02,2024-06-05,3,31142.0000000000,30748.0000000000,28106.2500000000,31286.0207944917,29862.5487527128,31286.0207944917,144.0207944917
2024-06-02,2024-06-06,4,31558.0000000000,27013.0000000000,29629.5000000000,31332.8670685885,29301.2310373269,31332.8670685885,225.1329314115
2024-06-02,2024-06-07,5,28592.0000000000,22963.0000000000,28197.5000000000,29646.0188729324,27299.1978561799,29646.0188729324,1054.0188729324
2024-06-02,2024-06-08,6,26163.0000000000,23264.0000000000,27200.5000000000,27888.1108864042,26624.3985658909,27888.1108864042,1725.1108864042
2024-06-02,2024-06-09,7,25644.0000000000,27710.0000000000,27758.7500000000,27571.5667277787,25342.5251794783,27571.5667277787,1927.5667277787
2024-06-09,2024-06-10,1,23647.0000000000,27676.0000000000,27538.7500000000,29427.9956976057,27814.8497631852,29427.9956976057,5780.9956976057
2024-06-09,2024-06-11,2,29836.0000000000,28880.0000000000,24036.7500000000,28386.7877530278,28060.3205039278,28386.7877530278,1449.2122469722
2024-06-09,2024-06-12,3,30467.0000000000,31142.0000000000,27898.5000000000,31896.1228453105,31279.1955226504,31896.1228453105,1429.1228453105
2024-06-09,2024-06-13,4,27347.0000000000,31558.0000000000,28774.5000000000,31122.4285810052,29621.5090017358,31122.4285810052,3775.4285810052
2024-06-09,2024-06-14,5,25700.0000000000,28592.0000000000,27108.7500000000,29267.4120155082,27412.2824890916,29267.4120155082,3567.4120155082
2024-06-09,2024-06-15,6,18048.0000000000,26163.0000000000,25903.0000000000,27447.3935484276,24263.1138726668,27447.3935484276,9399.3935484276
2024-06-09,2024-06-16,7,26152.0000000000,25644.0000000000,26967.7500000000,27950.6232210418,25593.4321304041,27950.6232210418,1798.6232210418
2024-06-16,2024-06-17,1,31296.0000000000,23647.0000000000,26211.0000000000,28308.1543292212,25708.1756053966,28308.1543292212,2987.8456707788
2024-06-16,2024-06-18,2,32158.0000000000,29836.0000000000,25099.7500000000,28628.3264729661,27816.8883059705,28628.3264729661,3529.6735270339
2024-06-16,2024-06-19,3,32589.0000000000,30467.0000000000,27326.0000000000,30941.3812648800,30595.2877982288,30941.3812648800,1647.6187351200
2024-06-16,2024-06-20,4,33836.0000000000,27347.0000000000,29088.0000000000,30840.9303032826,29077.5905923318,30840.9303032826,2995.0696967174
2024-06-16,2024-06-21,5,30186.0000000000,25700.0000000000,26194.5000000000,28191.2425964919,24833.7484726742,28191.2425964919,1994.7574035081
2024-06-16,2024-06-22,6,27408.0000000000,18048.0000000000,23645.5000000000,26329.4299717872,23915.5403659529,26329.4299717872,1078.5700282128
2024-06-16,2024-06-23,7,31919.0000000000,26152.0000000000,26145.0000000000,26680.5302885807,23378.6768578910,26680.5302885807,5238.4697114193
2024-06-23,2024-06-24,1,31578.0000000000,31296.0000000000,26007.7500000000,30129.2700327373,27074.9741762579,30129.2700327373,1448.7299672627
2024-06-23,2024-06-25,2,35190.0000000000,32158.0000000000,28436.0000000000,32572.9975260768,31154.9126942301,32572.9975260768,2617.0024739232
2024-06-23,2024-06-26,3,34515.0000000000,32589.0000000000,31236.5000000000,34247.1332519864,30186.6142681887,34247.1332519864,267.8667480136
2024-06-23,2024-06-27,4,33718.0000000000,33836.0000000000,29938.5000000000,33604.9251450918,30762.9879628277,33604.9251450918,113.0748549082
2024-06-23,2024-06-28,5,29513.0000000000,30186.0000000000,26860.2500000000,30850.1266209327,27070.0471272304,30850.1266209327,1337.1266209327
2024-06-23,2024-06-29,6,29372.0000000000,27408.0000000000,23720.7500000000,28299.7964748709,24751.3104692051,28299.7964748709,1072.2035251291
2024-06-23,2024-06-30,7,24226.0000000000,31919.0000000000,27856.2500000000,30099.2825592343,25854.8946374151,30099.2825592343,5873.2825592343
2024-06-30,2024-07-01,1,28380.0000000000,31578.0000000000,28549.2500000000,30062.4246660223,27768.0863034867,30062.4246660223,1682.4246660223
2024-06-30,2024-07-02,2,29851.0000000000,35190.0000000000,31516.0000000000,32605.9790436036,28895.0086171077,32605.9790436036,2754.9790436036
2024-06-30,2024-07-03,3,29102.0000000000,34515.0000000000,32178.2500000000,33461.1693910598,30219.8453446860,33461.1693910598,4359.1693910598
2024-06-30,2024-07-04,4,33013.0000000000,33718.0000000000,31614.7500000000,33095.7414555537,29414.6044954093,33095.7414555537,82.7414555537
2024-06-30,2024-07-05,5,16115.0000000000,29513.0000000000,28497.7500000000,30141.3885722570,27407.8703023494,30141.3885722570,14026.3885722570
2024-06-30,2024-07-06,6,16330.0000000000,29372.0000000000,25247.7500000000,27833.3632171244,25097.8599164506,27833.3632171244,11503.3632171244
2024-06-30,2024-07-07,7,18236.0000000000,24226.0000000000,26985.2500000000,28535.1137620892,26101.1756207166,28535.1137620892,10299.1137620892
2024-07-07,2024-07-08,1,25248.0000000000,28380.0000000000,28725.2500000000,27395.7527715288,27054.2817955166,27395.7527715288,2147.7527715288
2024-07-07,2024-07-09,2,23098.0000000000,29851.0000000000,31758.7500000000,30010.0565387367,27963.3488827903,30010.0565387367,6912.0565387367
2024-07-07,2024-07-10,3,31742.0000000000,29102.0000000000,31668.2500000000,30593.0182941302,27728.4665115327,30593.0182941302,1148.9817058698
2024-07-07,2024-07-11,4,31555.0000000000,33013.0000000000,31978.5000000000,30443.8260184650,28866.7049911006,30443.8260184650,1111.1739815350
2024-07-07,2024-07-12,5,27299.0000000000,16115.0000000000,25378.5000000000,26845.3255148303,25636.5630819979,26845.3255148303,453.6744851697
2024-07-07,2024-07-13,6,26402.0000000000,16330.0000000000,22789.5000000000,24301.6505976869,23163.7724304678,24301.6505976869,2100.3494023131
2024-07-07,2024-07-14,7,27051.0000000000,18236.0000000000,25133.2500000000,25211.8190786350,24078.8902634758,25211.8190786350,1839.1809213650
2024-07-14,2024-07-15,1,23478.0000000000,25248.0000000000,29125.5000000000,30043.9009104074,26887.7658332596,30043.9009104074,6565.9009104074
2024-07-14,2024-07-16,2,30739.0000000000,23098.0000000000,30074.2500000000,32248.4018266814,29959.2427216940,32248.4018266814,1509.4018266814
2024-07-14,2024-07-17,3,33580.0000000000,31742.0000000000,31987.0000000000,33067.6818866618,29960.6394227979,33067.6818866618,512.3181133382
2024-07-14,2024-07-18,4,33700.0000000000,31555.0000000000,33030.5000000000,33114.5585717174,31410.6099476338,33114.5585717174,585.4414282826
2024-07-14,2024-07-19,5,31605.0000000000,27299.0000000000,25778.2500000000,29052.5355869826,26759.9637082300,29052.5355869826,2552.4644130174
2024-07-14,2024-07-20,6,27887.0000000000,26402.0000000000,24878.0000000000,27385.7910771714,24929.9811776746,27385.7910771714,501.2089228286
2024-07-14,2024-07-21,7,26903.0000000000,27051.0000000000,25358.0000000000,27397.8516957370,23561.8883576137,27397.8516957370,494.8516957370
2024-07-21,2024-07-22,1,29737.0000000000,23478.0000000000,27171.0000000000,29614.0414178881,26474.1212047252,29614.0414178881,122.9585821119
2024-07-21,2024-07-23,2,32088.0000000000,30739.0000000000,29719.5000000000,32226.0146276187,30028.7861482410,32226.0146276187,138.0146276187
2024-07-21,2024-07-24,3,32806.0000000000,33580.0000000000,32234.7500000000,33691.2501905982,29174.7579310756,33691.2501905982,885.2501905982
2024-07-21,2024-07-25,4,28334.0000000000,33700.0000000000,32996.5000000000,33516.6474746741,28975.2863650179,33516.6474746741,5182.6474746741
2024-07-21,2024-07-26,5,29953.0000000000,31605.0000000000,26133.0000000000,29670.9961490174,25079.6239465148,29670.9961490174,282.0038509826
2024-07-21,2024-07-27,6,29777.0000000000,27887.0000000000,24997.7500000000,27916.4149510769,24368.8125519403,27916.4149510769,1860.5850489231
2024-07-21,2024-07-28,7,28508.0000000000,26903.0000000000,24104.0000000000,26827.4285065022,22107.7377541625,26827.4285065022,1680.5714934978
2024-07-28,2024-07-29,1,31615.0000000000,29737.0000000000,26710.7500000000,28724.7566613102,24473.3147621355,28724.7566613102,2890.2433386898
2024-07-28,2024-07-30,2,34809.0000000000,32088.0000000000,28944.0000000000,31284.5697159643,29244.2614732050,31284.5697159643,3524.4302840357
2024-07-28,2024-07-31,3,34683.0000000000,32806.0000000000,31807.5000000000,33153.1425858888,28353.5341826410,33153.1425858888,1529.8574141112
2024-07-28,2024-08-01,4,29579.0000000000,28334.0000000000,31650.5000000000,33235.1903384429,28509.1661674248,33235.1903384429,3656.1903384429
2024-07-28,2024-08-02,5,29585.0000000000,29953.0000000000,26243.0000000000,29830.6407635887,26262.0441523603,29830.6407635887,245.6407635887
2024-07-28,2024-08-03,6,28892.0000000000,29777.0000000000,25099.0000000000,27927.7396075691,24666.8758802798,27927.7396075691,964.2603924309
2024-07-28,2024-08-04,7,26129.0000000000,28508.0000000000,25174.5000000000,27515.8611703544,24285.6616881256,27515.8611703544,1386.8611703544
2024-08-04,2024-08-05,1,30355.0000000000,31615.0000000000,27519.5000000000,29195.4552939212,27043.7284159840,29195.4552939212,1159.5447060788
2024-08-04,2024-08-06,2,28834.0000000000,34809.0000000000,30183.5000000000,31988.3777223779,29701.7364918054,31988.3777223779,3154.3777223779
2024-08-04,2024-08-07,3,30746.0000000000,34683.0000000000,33202.7500000000,33620.8643639513,29578.6948607418,33620.8643639513,2874.8643639513
2024-08-04,2024-08-08,4,28459.0000000000,29579.0000000000,30792.0000000000,32275.3034802466,28732.9317988596,32275.3034802466,3816.3034802466
2024-08-04,2024-08-09,5,29086.0000000000,29585.0000000000,29610.5000000000,30371.1052977568,27040.8651732971,30371.1052977568,1285.1052977568
2024-08-04,2024-08-10,6,27441.0000000000,28892.0000000000,28239.5000000000,28483.7906983601,25440.3259777317,28483.7906983601,1042.7906983601
2024-08-04,2024-08-11,7,28189.0000000000,26129.0000000000,27147.7500000000,27614.2568733549,24730.6215724199,27614.2568733549,574.7431266451
2024-08-11,2024-08-12,1,29969.0000000000,30355.0000000000,28796.2500000000,29102.3339610332,27570.4157388830,29102.3339610332,866.6660389668
2024-08-11,2024-08-13,2,33449.0000000000,28834.0000000000,31617.5000000000,31689.7261682179,29046.6290759136,31689.7261682179,1759.2738317821
2024-08-11,2024-08-14,3,32118.0000000000,30746.0000000000,32953.7500000000,32841.2405427270,30313.2916457987,32841.2405427270,723.2405427270
2024-08-11,2024-08-15,4,30900.0000000000,28459.0000000000,30018.0000000000,31013.1993059115,28615.2653163024,31013.1993059115,113.1993059115
2024-08-11,2024-08-16,5,29739.0000000000,29086.0000000000,30057.2500000000,29628.6252544254,26229.4955472290,29628.6252544254,110.3747455746
2024-08-11,2024-08-17,6,29922.0000000000,27441.0000000000,28499.2500000000,27722.6478661088,24934.6603169661,27722.6478661088,2199.3521338912
2024-08-11,2024-08-18,7,27020.0000000000,28189.0000000000,27432.2500000000,26829.4548543004,25760.8352570366,26829.4548543004,190.5451456996
2024-08-18,2024-08-19,1,28023.0000000000,29969.0000000000,30419.0000000000,29595.8874804357,26777.4668541540,29595.8874804357,1572.8874804357
2024-08-18,2024-08-20,2,31355.0000000000,33449.0000000000,32295.0000000000,32004.0472727473,29286.5196343457,32004.0472727473,649.0472727473
2024-08-18,2024-08-21,3,30177.0000000000,32118.0000000000,32588.2500000000,32648.3434375550,28880.7053675648,32648.3434375550,2471.3434375550
2024-08-18,2024-08-22,4,25142.0000000000,30900.0000000000,29318.0000000000,30304.9618578436,28041.0676648661,30304.9618578436,5162.9618578436
2024-08-18,2024-08-23,5,25825.0000000000,29739.0000000000,29590.7500000000,29252.5504217667,26010.5685866278,29252.5504217667,3427.5504217667
2024-08-18,2024-08-24,6,10985.0000000000,29922.0000000000,29008.0000000000,28017.7051024903,24642.9233220621,28017.7051024903,17032.7051024903
2024-08-18,2024-08-25,7,22053.0000000000,27020.0000000000,27461.5000000000,26961.0432187944,24304.2252222760,26961.0432187944,4908.0432187944
2024-08-25,2024-08-26,1,22491.0000000000,28023.0000000000,29990.5000000000,26702.5645130426,25356.3323482400,26702.5645130426,4211.5645130426
2024-08-25,2024-08-27,2,29762.0000000000,31355.0000000000,32111.7500000000,29133.7944738714,27522.2951203028,29133.7944738714,628.2055261286
2024-08-25,2024-08-28,3,31389.0000000000,30177.0000000000,31931.0000000000,29554.1705141775,26900.1500610271,29554.1705141775,1834.8294858225
2024-08-25,2024-08-29,4,31271.0000000000,25142.0000000000,28520.0000000000,27465.2391421298,27306.3275693155,27465.2391421298,3805.7608578702
2024-08-25,2024-08-30,5,28656.0000000000,25825.0000000000,28558.7500000000,26238.8078396038,25642.3730114461,26238.8078396038,2417.1921603962
2024-08-25,2024-08-31,6,24206.0000000000,10985.0000000000,24310.0000000000,24742.2394393913,22769.6222234870,24742.2394393913,536.2394393913
2024-08-25,2024-09-01,7,25754.0000000000,22053.0000000000,25847.7500000000,24026.6863753427,21944.0910489724,24026.6863753427,1727.3136246573
2024-09-01,2024-09-02,1,26535.0000000000,22491.0000000000,27709.5000000000,27776.6576375678,25711.2877800976,27776.6576375678,1241.6576375678
2024-09-01,2024-09-03,2,31455.0000000000,29762.0000000000,30850.0000000000,30087.4017473316,27068.2193632521,30087.4017473316,1367.5982526684
2024-09-01,2024-09-04,3,30954.0000000000,31389.0000000000,31107.5000000000,30530.7184448457,27108.4781267616,30530.7184448457,423.2815551543
2024-09-01,2024-09-05,4,22364.0000000000,31271.0000000000,28943.0000000000,29298.7234365946,27605.6455020095,29298.7234365946,6934.7234365946
2024-09-01,2024-09-06,5,24344.0000000000,28656.0000000000,28326.5000000000,27715.1273858875,25754.4696357939,27715.1273858875,3371.1273858875
2024-09-01,2024-09-07,6,25392.0000000000,24206.0000000000,23138.5000000000,25156.5304516304,22477.2838900047,25156.5304516304,235.4695483696
2024-09-01,2024-09-08,7,21605.0000000000,25754.0000000000,25754.0000000000,25201.3526711482,22253.2302895687,25201.3526711482,3596.3526711482
2024-09-08,2024-09-09,1,27188.0000000000,26535.0000000000,26754.5000000000,25850.6292923526,24049.9123769624,25850.6292923526,1337.3707076474
2024-09-08,2024-09-10,2,26707.0000000000,31455.0000000000,31505.2500000000,29200.1576409055,26966.9561222025,29200.1576409055,2493.1576409055
2024-09-08,2024-09-11,3,28335.0000000000,30954.0000000000,31159.5000000000,29470.5958745822,26937.0549704187,29470.5958745822,1135.5958745822
2024-09-08,2024-09-12,4,28408.0000000000,22364.0000000000,27419.2500000000,27972.3332643160,27783.9312876185,27972.3332643160,435.6667356840
2024-09-08,2024-09-13,5,26739.0000000000,24344.0000000000,27141.0000000000,26237.0880508854,26054.9934373994,26237.0880508854,501.9119491146
2024-09-08,2024-09-14,6,27141.0000000000,25392.0000000000,22626.2500000000,23635.9798042782,21687.6725942157,23635.9798042782,3505.0201957218
2024-09-08,2024-09-15,7,22895.0000000000,21605.0000000000,24108.0000000000,23288.1938845527,20807.9988180404,23288.1938845527,393.1938845527
2024-09-15,2024-09-16,1,29063.0000000000,27188.0000000000,26059.2500000000,25213.1296695140,24051.8962316415,25213.1296695140,3849.8703304860
2024-09-15,2024-09-17,2,31957.0000000000,26707.0000000000,29819.7500000000,28486.5083356374,27853.9769385988,28486.5083356374,3470.4916643626
2024-09-15,2024-09-18,3,32452.0000000000,28335.0000000000,30213.7500000000,29074.6978676082,27497.4476817530,29074.6978676082,3377.3021323918
2024-09-15,2024-09-19,4,32997.0000000000,28408.0000000000,26796.2500000000,27199.2202581401,26255.9237388687,27199.2202581401,5797.7797418599
2024-09-15,2024-09-20,5,29257.0000000000,26739.0000000000,26391.0000000000,25499.7819973858,23971.4993976887,25499.7819973858,3757.2180026142
2024-09-15,2024-09-21,6,29215.0000000000,27141.0000000000,21931.0000000000,22944.5493246505,21750.7259728087,22944.5493246505,6270.4506753495
2024-09-15,2024-09-22,7,18458.0000000000,22895.0000000000,23076.7500000000,22399.0642328841,22069.9306183414,22399.0642328841,3941.0642328841
2024-09-22,2024-09-23,1,24471.0000000000,29063.0000000000,26319.2500000000,25438.6086242758,24826.9352659884,25438.6086242758,967.6086242758
2024-09-22,2024-09-24,2,30929.0000000000,31957.0000000000,29970.2500000000,28477.3244485376,29062.7320799810,28477.3244485376,2451.6755514624
2024-09-22,2024-09-25,3,25974.0000000000,32452.0000000000,30782.5000000000,29410.9229306023,29029.0453715073,29410.9229306023,3436.9229306023
2024-09-22,2024-09-26,4,24899.0000000000,32997.0000000000,28760.0000000000,28426.8444244050,28581.4361884991,28426.8444244050,3527.8444244050
2024-09-22,2024-09-27,5,19499.0000000000,29257.0000000000,27249.0000000000,26075.4162145595,27856.7042576170,26075.4162145595,6576.4162145595
2024-09-22,2024-09-28,6,25514.0000000000,29215.0000000000,26488.5000000000,24571.4033044336,24014.7362388395,24571.4033044336,942.5966955664
2024-09-22,2024-09-29,7,18982.0000000000,18458.0000000000,22178.0000000000,22369.2649776043,20823.6809030957,22369.2649776043,3387.2649776043
2024-09-29,2024-09-30,1,22482.0000000000,24471.0000000000,26814.2500000000,24158.8738834654,24376.2590636686,24158.8738834654,1676.8738834654
2024-09-29,2024-10-01,2,20774.0000000000,30929.0000000000,30262.0000000000,27509.8494480215,28687.9645423753,27509.8494480215,6735.8494480215
2024-09-29,2024-10-02,3,28360.0000000000,25974.0000000000,29428.7500000000,27910.4675472284,28349.4707541502,27910.4675472284,449.5324527716
2024-09-29,2024-10-03,4,30605.0000000000,24899.0000000000,27167.0000000000,26608.3211225093,27279.4962110822,26608.3211225093,3996.6788774907
2024-09-29,2024-10-04,5,27988.0000000000,19499.0000000000,24959.7500000000,24325.4770132075,24065.1127148813,24325.4770132075,3662.5229867925
2024-09-29,2024-10-05,6,26582.0000000000,25514.0000000000,26815.5000000000,23648.0633684812,22643.1662040021,23648.0633684812,2933.9366315188
2024-09-29,2024-10-06,7,18408.0000000000,18982.0000000000,20485.0000000000,19968.6336862542,19094.9643291802,19968.6336862542,1560.6336862542
2024-10-06,2024-10-07,1,28125.0000000000,22482.0000000000,25801.0000000000,24259.9749813925,24820.3904103802,24259.9749813925,3865.0250186075
2024-10-06,2024-10-08,2,25316.0000000000,20774.0000000000,27591.7500000000,26915.1041860458,28487.5365027213,26915.1041860458,1599.1041860458
2024-10-06,2024-10-09,3,30708.0000000000,28360.0000000000,28780.2500000000,27421.0013164757,28498.2942935957,27421.0013164757,3286.9986835243
2024-10-06,2024-10-10,4,28815.0000000000,30605.0000000000,29227.2500000000,27389.3774311582,28137.5296079234,27389.3774311582,1425.6225688418
2024-10-06,2024-10-11,5,28213.0000000000,27988.0000000000,25870.7500000000,24599.2386791587,24005.1582220990,24599.2386791587,3613.7613208413
2024-10-06,2024-10-12,6,22239.0000000000,26582.0000000000,27113.0000000000,23767.5289987397,23888.8561364506,23767.5289987397,1528.5289987397
2024-10-06,2024-10-13,7,20126.0000000000,18408.0000000000,19685.7500000000,19561.1927898170,18042.7572300440,19561.1927898170,564.8072101830
2024-10-13,2024-10-14,1,19090.0000000000,28125.0000000000,26035.2500000000,24129.8103431430,24342.6062495580,24129.8103431430,5039.8103431430
2024-10-13,2024-10-15,2,30500.0000000000,25316.0000000000,27244.0000000000,26474.7605324987,27707.5304645094,26474.7605324987,4025.2394675013
2024-10-13,2024-10-16,3,31214.0000000000,30708.0000000000,29373.5000000000,27631.4340242182,26820.3816103093,27631.4340242182,3582.5659757818
2024-10-13,2024-10-17,4,32080.0000000000,28815.0000000000,29329.0000000000,27446.0270268436,27377.6566367665,27446.0270268436,4633.9729731564
2024-10-13,2024-10-18,5,28261.0000000000,28213.0000000000,26239.2500000000,24773.4590452919,24572.8481508939,24773.4590452919,3487.5409547081
2024-10-13,2024-10-19,6,22395.0000000000,22239.0000000000,25887.5000000000,23425.7458514154,20485.1766314164,23425.7458514154,1030.7458514154
2024-10-13,2024-10-20,7,15468.0000000000,20126.0000000000,18993.5000000000,18736.5521065749,17744.0714590540,18736.5521065749,3268.5521065749
2024-10-20,2024-10-21,1,27584.0000000000,19090.0000000000,23542.0000000000,22443.5460376625,22088.5560249273,22443.5460376625,5140.4539623375
2024-10-20,2024-10-22,2,31865.0000000000,30500.0000000000,26879.7500000000,25254.1146599397,25519.4127860608,25254.1146599397,6610.8853400603
2024-10-20,2024-10-23,3,31895.0000000000,31214.0000000000,29064.0000000000,26634.2734303950,25798.0362048223,26634.2734303950,5260.7265696050
2024-10-20,2024-10-24,4,32346.0000000000,32080.0000000000,29099.7500000000,26409.0505828325,26345.2013381549,26409.0505828325,5936.9494171675
2024-10-20,2024-10-25,5,24816.0000000000,28261.0000000000,25990.2500000000,23882.0442811144,24050.7702904040,23882.0442811144,933.9557188856
2024-10-20,2024-10-26,6,23337.0000000000,22395.0000000000,24182.5000000000,21566.6266914786,18705.0934651073,21566.6266914786,1770.3733085214
2024-10-20,2024-10-27,7,24795.0000000000,15468.0000000000,18246.0000000000,18033.6542334085,17255.4632976027,18033.6542334085,6761.3457665915
2024-10-27,2024-10-28,1,25700.0000000000,27584.0000000000,24320.2500000000,24079.0482428508,23430.5421987481,24079.0482428508,1620.9517571492
2024-10-27,2024-10-29,2,30592.0000000000,31865.0000000000,27113.7500000000,26804.9794966539,26856.8104990758,26804.9794966539,3787.0205033461
2024-10-27,2024-10-30,3,31214.0000000000,31895.0000000000,30544.2500000000,28719.3719565069,26380.6686997370,28719.3719565069,2494.6280434931
2024-10-27,2024-10-31,4,31566.0000000000,32346.0000000000,30961.5000000000,28615.6101500839,26392.5431498180,28615.6101500839,2950.3898499161
2024-10-27,2024-11-01,5,27055.0000000000,24816.0000000000,27319.5000000000,25986.8723327429,24613.2506512641,25986.8723327429,1068.1276672571
2024-10-27,2024-11-02,6,23955.0000000000,23337.0000000000,23638.2500000000,22898.1704271068,18802.6916669649,22898.1704271068,1056.8295728932
2024-10-27,2024-11-03,7,20510.0000000000,24795.0000000000,19699.2500000000,20651.2351022327,18139.9891656601,20651.2351022327,141.2351022327
2024-11-03,2024-11-04,1,27091.0000000000,25700.0000000000,25124.7500000000,23656.1927426947,24331.1621323903,23656.1927426947,3434.8072573053
2024-11-03,2024-11-05,2,29545.0000000000,30592.0000000000,29568.2500000000,26924.0230622302,26420.7623222860,26924.0230622302,2620.9769377698
2024-11-03,2024-11-06,3,28631.0000000000,31214.0000000000,31257.7500000000,28018.7084655606,25449.9495378939,28018.7084655606,612.2915344394
2024-11-03,2024-11-07,4,28350.0000000000,31566.0000000000,31201.7500000000,27859.6926053584,26065.1783459512,27859.6926053584,490.3073946416
2024-11-03,2024-11-08,5,25490.0000000000,27055.0000000000,27086.2500000000,24515.2619478072,25143.5483707436,24515.2619478072,974.7380521928
2024-11-03,2024-11-09,6,21189.0000000000,23955.0000000000,22981.5000000000,21006.8536754440,19566.8703027528,21006.8536754440,182.1463245560
2024-11-03,2024-11-10,7,18237.0000000000,20510.0000000000,20224.7500000000,19898.1513842361,18908.6615469832,19898.1513842361,1661.1513842361
2024-11-10,2024-11-11,1,27148.0000000000,27091.0000000000,24866.2500000000,21815.4880563206,23860.4465452704,21815.4880563206,5332.5119436794
2024-11-10,2024-11-12,2,28036.0000000000,29545.0000000000,30625.5000000000,25611.1218520366,25346.2868674093,25611.1218520366,2424.8781479634
2024-11-10,2024-11-13,3,29515.0000000000,28631.0000000000,30738.5000000000,26438.0828028289,25334.2646742130,26438.0828028289,3076.9171971711
2024-11-10,2024-11-14,4,29426.0000000000,28350.0000000000,31085.5000000000,26399.0743293992,25416.5683874569,26399.0743293992,3026.9256706008
2024-11-10,2024-11-15,5,25653.0000000000,25490.0000000000,26405.5000000000,22597.6853426502,23392.2716478574,22597.6853426502,3055.3146573498
2024-11-10,2024-11-16,6,21136.0000000000,21189.0000000000,22719.0000000000,19486.2089771193,18592.6851181736,19486.2089771193,1649.7910228807
2024-11-10,2024-11-17,7,17346.0000000000,18237.0000000000,19752.5000000000,18183.6858803179,15066.1687044623,18183.6858803179,837.6858803179
2024-11-17,2024-11-18,1,19615.0000000000,27148.0000000000,26880.7500000000,22457.9270350301,23406.2078974374,22457.9270350301,2842.9270350301
2024-11-17,2024-11-19,2,17590.0000000000,28036.0000000000,30009.5000000000,25543.6154325228,25632.6184306771,25543.6154325228,7953.6154325228
2024-11-17,2024-11-20,3,25180.0000000000,29515.0000000000,30313.7500000000,26267.0388200153,25560.7384734123,26267.0388200153,1087.0388200153
2024-11-17,2024-11-21,4,24396.0000000000,29426.0000000000,30422.0000000000,26071.2660891081,25544.6452233530,26071.2660891081,1675.2660891081
2024-11-17,2024-11-22,5,22179.0000000000,25653.0000000000,25753.5000000000,22192.5645008084,22955.6807989363,22192.5645008084,13.5645008084
2024-11-17,2024-11-23,6,12075.0000000000,21136.0000000000,22404.2500000000,19474.9748802003,18737.0338868238,19474.9748802003,7399.9748802003
2024-11-17,2024-11-24,7,13503.0000000000,17346.0000000000,20222.0000000000,18498.5773292990,15250.7300285628,18498.5773292990,4995.5773292990
2024-11-24,2024-11-25,1,24620.0000000000,19615.0000000000,24888.5000000000,19711.8022226429,19399.3774200467,19711.8022226429,4908.1977773571
2024-11-24,2024-11-26,2,27994.0000000000,17590.0000000000,26440.7500000000,22318.1594575081,20658.1625972987,22318.1594575081,5675.8405424919
2024-11-24,2024-11-27,3,23679.0000000000,25180.0000000000,28635.0000000000,23232.4166498442,23558.6728330807,23232.4166498442,446.5833501558
2024-11-24,2024-11-28,4,26533.0000000000,24396.0000000000,28434.5000000000,22911.5137554435,23868.1373455564,22911.5137554435,3621.4862445565
2024-11-24,2024-11-29,5,24375.0000000000,22179.0000000000,25094.2500000000,19759.7061913191,21870.3737311611,19759.7061913191,4615.2938086809
2024-11-24,2024-11-30,6,21570.0000000000,12075.0000000000,19588.7500000000,16531.3994010109,16526.7721797676,16531.3994010109,5038.6005989891
2024-11-24,2024-12-01,7,12955.0000000000,13503.0000000000,17399.0000000000,14628.0827734596,12825.4044952849,14628.0827734596,1673.0827734596
2024-12-01,2024-12-02,1,24806.0000000000,24620.0000000000,24618.5000000000,20902.4839161383,21052.2285372482,20902.4839161383,3903.5160838617
2024-12-01,2024-12-03,2,27533.0000000000,27994.0000000000,25791.2500000000,22980.3667927716,24247.3095015199,22980.3667927716,4552.6332072284
2024-12-01,2024-12-04,3,26448.0000000000,23679.0000000000,26751.2500000000,23797.2345922251,22770.5861698225,23797.2345922251,2650.7654077749
2024-12-01,2024-12-05,4,21609.0000000000,26533.0000000000,27176.2500000000,23492.7863098860,23572.4925150164,23492.7863098860,1883.7863098860
2024-12-01,2024-12-06,5,23488.0000000000,24375.0000000000,24424.2500000000,20764.1914200003,20717.4334100000,20764.1914200003,2723.8085799997
2024-12-01,2024-12-07,6,9901.0000000000,21570.0000000000,18992.5000000000,17270.2118354452,18479.2127840063,17270.2118354452,7369.2118354452
2024-12-01,2024-12-08,7,8730.0000000000,12955.0000000000,15510.2500000000,14938.3277462256,12580.2382088955,14938.3277462256,6208.3277462256
2024-12-08,2024-12-09,1,23017.0000000000,24806.0000000000,24047.2500000000,19380.2628413385,20054.4774204685,19380.2628413385,3636.7371586615
2024-12-08,2024-12-10,2,24695.0000000000,27533.0000000000,25288.2500000000,21529.2915280838,22404.8957870849,21529.2915280838,3165.7084719162
2024-12-08,2024-12-11,3,25218.0000000000,26448.0000000000,26205.5000000000,22213.8791980156,21106.0397630226,22213.8791980156,3004.1208019844
2024-12-08,2024-12-12,4,22734.0000000000,21609.0000000000,25491.0000000000,21840.2235217929,21382.1014512823,21840.2235217929,893.7764782071
2024-12-08,2024-12-13,5,19553.0000000000,23488.0000000000,23923.7500000000,19401.6968883931,18597.3338144613,19401.6968883931,151.3031116069
2024-12-08,2024-12-14,6,17956.0000000000,9901.0000000000,16170.5000000000,15297.7240174027,14065.0990475394,15297.7240174027,2658.2759825973
2024-12-08,2024-12-15,7,15240.0000000000,8730.0000000000,13133.5000000000,12815.6507311802,11913.0606646921,12815.6507311802,2424.3492688198
2024-12-15,2024-12-16,1,21272.0000000000,23017.0000000000,23014.5000000000,20120.3534316253,19178.2973401875,20120.3534316253,1151.6465683747
2024-12-15,2024-12-17,2,22366.0000000000,24695.0000000000,24453.0000000000,22525.4341270340,20703.1490229801,22525.4341270340,159.4341270340
2024-12-15,2024-12-18,3,19825.0000000000,25218.0000000000,25131.2500000000,22800.0297361365,21361.9993537018,22800.0297361365,2975.0297361365
2024-12-15,2024-12-19,4,20105.0000000000,22734.0000000000,23818.0000000000,22019.1383850677,18244.6361327246,22019.1383850677,1914.1383850677
2024-12-15,2024-12-20,5,15951.0000000000,19553.0000000000,22398.7500000000,20254.1606584492,15443.9746488315,20254.1606584492,4303.1606584492
2024-12-15,2024-12-21,6,11043.0000000000,17956.0000000000,15375.5000000000,15827.7347065322,13446.0358280320,15827.7347065322,4784.7347065322
2024-12-15,2024-12-22,7,8964.0000000000,15240.0000000000,12607.0000000000,13561.6469527321,9140.8488273129,13561.6469527321,4597.6469527321
2024-12-22,2024-12-23,1,11315.0000000000,21272.0000000000,23428.7500000000,18288.7781306350,11988.5173076143,18288.7781306350,6973.7781306350
2024-12-22,2024-12-24,2,9441.0000000000,22366.0000000000,25647.0000000000,20894.4003193341,18672.4804014884,20894.4003193341,11453.4003193341
2024-12-22,2024-12-25,3,21560.0000000000,19825.0000000000,23792.5000000000,20606.5117075635,8945.6258605302,20606.5117075635,953.4882924365
2024-12-22,2024-12-26,4,7741.0000000000,20105.0000000000,22745.2500000000,19642.2088806663,7600.8709438394,19642.2088806663,11901.2088806663
2024-12-22,2024-12-27,5,9703.0000000000,15951.0000000000,20841.7500000000,17878.4705774247,11114.9256925159,17878.4705774247,8175.4705774247
2024-12-22,2024-12-28,6,9243.0000000000,11043.0000000000,15117.5000000000,14045.2203818391,11716.7480594585,14045.2203818391,4802.2203818391
2024-12-22,2024-12-29,7,8936.0000000000,8964.0000000000,11472.2500000000,11276.1772840302,9598.4132963842,11276.1772840302,2340.1772840302
